Model,Accuracy,Time (seconds)
Naive Bayes,0.9659192825112107,0.12040996551513672
SVM,0.9829596412556054,2.0754778385162354
DistilBERT,0.442152466367713,86.7073278427124
